Sistema de localizacion de centros de atención de emergencias para Bogotá;Erish Perez Andres Reyes Gomez;Javier Francisco López Parra;2004;-;-;Istar;-;-;-
AnáliSis del marco legal colombiaNo aplicado al delito informático en Internet;Parra Morte Bertha Paloma;Mauricio Pinzón;2004;-;-;SiDRe;-;-;No
Aplicación de Técnicas Invariantes en el recoNocimiento de Rostros;Sanchez Camilo Andres, Daza Portillo Jairo Jose;César Julio Bustacara Medina;2004;-;-;SiDRe;-;-;No
Guía metodológica para la Implementación de GobierNo en Línea;Cortes Restrepo Andres David;Norbey Mejía;2004;-;-;SiDRe;-;-;No
Herramienta conceptual para desarrollar el plan estratégico de Sistemas de inf.;Numa LievaNo Esteban, Ramirez V. Sandra, Tovar Pinto Luz Helena;Luis Francisco Martinez;2004;-;-;SiDRe;-;-;No
Mecanismo de Control de Acceso en Web Services;William Vasquez Romero, Juan Guillermo Rojas Ortiz;Maria Isabel SerraNo;2004;-;-;SiDRe;-;-;No
Mecanismos de control de acceso en Web services;William Vasquez Juan Rojas;Alicia Arenas;2004;-;-;SiDRe;-;-;No
Modelo de integración de información ciudadana ;Martinez González Pedro Fernando;Luis Francisco Martinez;2004;-;-;SiDRe;-;-;No
Modelo para la Plantación y gestión basado en el concepto de BusSiness Intelligence para el apoyo en la toma de deciSiones de la Actividad  Académica;Jose Luis CastellaNos, Diego A. Niño, Giovanni Fernando Votto;Norbey Mejía;2004;-;-;SiDRe;-;-;No
Negociación de Agentes con Smart Cards;Bustamante Orlando, Suárez Julian Camilo;Enrique González Guerrero;2004;-;-;SiDRe;-;-;No
Plataforma de admin. e Integración de Componentes Distribuidos heterogéneos;Reyes Cuervo Wilson David;Jorge Humberto Arias Bedoya;2004;-;-;SiDRe;-;-;Si
Problemática y Viabilidad de los ASP en Colombia;Juan Carlos Fernandez, Benjamín Leonardo Avila;Adolfo SerraNo;2004;-;-;SiDRe;-;-;No
Sinergia CRM & KM para el Mercadeo en las Pymes Colombianas;Muñoz Felipe Andes, Rodriguez Romero Rodrigo, Zarate Peña H.;Fernando González;2004;-;-;SiDRe;-;-;No
Sistema de Generación Automática de Web Services para Integración de Datos;Camilo Correa Jaramillo;Adolfo SerraNo;2004;-;-;SiDRe;-;-;No
Sistemas de Localización de Centros de Atención de Emergencias para Bogota.;Andres Reyes Gomez, Erish Perez Niño;Javier Francisco López Parra;2004;-;-;SiDRe;-;-;No
Administrador Distribuido de Redes Orientado a DispoSitivos Móviles;John Jairo Mendivelso Sanchez, Ivan Gerardo Neva Vargas;Juan Pablo Garzón Ruiz;2005;-;-;SiDRe;-;-;No
AnáliSis de la Problemática de los medios de pago en el comercio electrónico aplicado al caso ColombiaNo;Javier Mauricio Pardo, Santiago Rodriguez Olivos;Juan Carlos Cárdenas;2005;-;-;SiDRe;-;-;No
API de Comunicaciones para Pocket PC Basado en la Programación Orientada a Aspectos;Paulo Andres Burgos Heredia, Jesus Alberto Pinzon Ortiz;Juan Pablo Garzón Ruiz;2005;-;-;SiDRe;-;-;No
Aporte a RUP para el Desarrollo de aplicaciones web Transaccionales -Requerimientos  No Funcionales y Administración de Riesgos;Efrain Villanueva, Diego Fernando Molina ;Julio Ernesto Carreño Vargas;2005;-;-;SiDRe;-;-;No
Arquitectura Orientada Comunidades Virtuales Colaborativas sobre DispoSitivos Móviles: AYLLU;Oskar Javier Cantor Florez, Leonardo Enrique Mancilla Amaya;Enrique González Guerrero;2005;-;-;SiDRe;-;-;Si
Confrontación de dos Técnicas de Minería de Datos Aplicadas a un Dominio Especifico;Mario Galvis Guerrero, Fabricio Martinez Lozada;Jorge Salazar Polania;2005;-;-;SiDRe;-;-;No
Desarrollo de una Aplicación Multimedial con ÉnfaSis en la Interacción Hombre Maquina en el Área Educativa;Paola Andrea Pacheco;César Julio Bustacara Medina;2005;-;-;Takina;-;-;No
Diseño de un Modelo para la Implantación de un Sist. de gestión Documental en Áreas u Organizaciones Jurídicas;Felipe Forero Guzman, Felipe Andres Contreras Henao;Jaime García Cepeda;2005;-;-;SiDRe;-;-;No
Diseño y Desarrollo de un conjunto de Componentes enfocados al e-learning;Miguel Ángel Avila Cuevas, Daniel Hernando Reye Castro;Miguel Eduardo Torres MoreNo;2005;-;-;SiDRe;-;-;No
Estudio de Factores para la Implantación de Soluciones de Flujos de Trabajo (workflow);Luis Carlos Borbón, Jose Vicente Villarreal;Adolfo SerraNo;2005;-;-;SiDRe;-;-;No
Estudio de Metodológicas y Herramientas de Prueba de Software dentro de un contexto Académico;Jose David Barajas Riaño;Jairo Aponte;2005;-;-;SiDRe;-;-;No
Estudio y Evaluacion de la Especificación OSGi para Arquitecturas Móviles;Jaime Alberto Flautero V, Fabio Andres Sanchez Baptiste;Rigoberto BejaraNo;2005;-;-;SiDRe;-;-;No
Formulación de una Guía Metodológica para la Realización del plan Estratégico de Sistemas  de Información en Organizaciones Virtuales;Pilin Andrea Quintero Molina, Monika Alejandra Ramirez Calderon;Luis Francisco Martinez;2005;-;-;SiDRe;-;-;No
Framework de Manejo de Mensajes para DispoSitivos Móviles (Celulares);John Alexander Neira RubiaNo ;Luis Roberto Ojeda;2005;-;-;SiDRe;-;-;No
Guía Metodologica para la Generación de Servicios en Línea a partir de los Estándares WFS y WMS Basados en Visualización de Trafico.;Bibiana Alexandra Lara Tabares, Ana Maria Rodriguez Arevalo;Javier Francisco López Parra;2005;-;-;SiDRe;-;-;No
Guía para Obtener Certificación en el modelo de Calidad CMMI en los Niveles 2 y 3.;Jeimy Juliana Munar Camargo, Diana Carolina Barreto Arias;Maria Mercedes Corral Strassman;2005;-;-;SiDRe;-;-;No
Herramienta para el AnáliSis de Requerimientos dentro de la Pequeña Empresa Desarrolladora de Software en Bogota;Antonio Nicolás Camacho ZambraNo;Miguel Eduardo Torres MoreNo;2005;-;-;SiDRe;-;-;No
Jerarquía y Granularidad de Componentes d eSoftware para PYMES y su Aplicabilidad en el proceso de selección de componentes;Maribel Ariza Rojas, Juan Carlos Molina Gracia;Rafael Andrés González Rivera;2005;-;-;SiDRe;-;-;No
Librería para el manejo y configuración de dispoSitivos para Realidad Virtual;Rubén Dario García Castillo, Carlos Eric Mahecha Roa;César Julio Bustacara Medina;2005;-;-;Takina;-;-;No
Mad Mobility Supported By Agent-Based Devices ;Hugo Giraldo Arenas, Alexandra MoyaNo Romero;Enrique González Guerrero;2005;-;-;SiDRe;-;-;Si
Metodología de AnáliSis de Vulnerabilidades para Empresas de Media y Pequeña Escala en la Ciudad de Bogotá;Daniel Santiago Garzon, Juan Carlos Ratkovich, Alejandro Vergara Torres;Maria Isabel SerraNo;2005;-;-;SiDRe;-;-;No
Modelo de gestión de Seguridad con Soporte a SNMP;Nicolás Botero Arana;Edgar Enrique Ruiz García;2005;-;-;SiDRe;-;-;Si
Modelo de Integración de Empresas para el Fomento de la Exportación de Software ColombiaNo;Andrea Bravo D, Julian Ortiz I, Gustavo Escobar M;Hilda Cristina Chaparro López;2005;-;-;SiDRe;-;-;No
Modelo de Seguridad para Aplicaciones en Canales Públicos Orientado a Web Services;Maria Gabriela Farias Terrens,  Andrea Infante Salgado;Juan Pablo Garzón Ruiz;2005;-;-;SiDRe;-;-;No
PerSistencia Transparente en una Base de Datos Objeto - Relacional;Adriana M. Diazgranados, Hernán Y. Redondo Juan C. Zapata;Luis Ignacio Suárez;2005;-;-;SiDRe;-;-;No
Plataforma de Servicios Distribuidos Basada en Agentes Móviles;Mauricio Andres RusSi Ardila, Nicolás Fonnegra Martinez;Fabio González;2005;-;-;SiDRe;-;-;Si
RepoSitorio de Metadatos de Componentes de Software para PYMES Colombianas;Dawind Junnco Quiroga, Rodrigo Fonseca Villamil;Rafael Andrés González Rivera;2005;-;-;SiDRe;-;-;No
SiAP Sistemas de Información para la Administración de Proyectos de Grado;Gilberto Andres Chaparro Lopez, Luis Alejandro Forero Sarmiento;Adith Bismarck Pérez Orozco;2005;-;-;SiDRe;-;-;No
UniverSidad Empresa la Oportunidad que tiene Colombia para InNovar en TecNologías Informáticas;Natalia Margarita Castaño Cardona;Hilda Cristina Chaparro López;2005;-;-;SiDRe;-;-;No
Uso de XML en el Mercado de Divisas ;Gustavo Andres Conde B., Carlos Mario Quintero Abuchar;Rafael Andrés González Rivera;2005;-;-;SiDRe;-;-;No
Utilización de Información Histórica para DeciSiones Empresariales;Juan David Peña, Jesus Armando Suárez Daza;Luis Roberto Ojeda;2005;-;-;SiDRe;-;-;No
Visualización de Imágenes Reales con Imágenes Generadas por un Sist. Computacional en tiempo Real;Diego Christian Armando Plata Guevara, Gustavo Cabrera González;David Alejandro Uribe Pardo;2005;-;-;SiDRe;-;-;No
Ampliacion y Optimizacion de un RepoSitorio de Metadatos de Componentes de Software para Pymes Colombianas;Jorge Andres Beltran Salazar, David Ortega Muñoz;Rafael Andrés González Rivera;2006;-;-;SiDRe;-;-;No
AnaliSis diseño e implementacion de los modulos de Informacion gerencial para la corporacion coremco.dc.;Diego Fernando Alarcon, Juan Camilo González M.;Fernando González ;2006;-;-;SiDRe;-;-;No
AnaliSis y Diseño de un Patron Metodologico para Modelamiento de Procesos de Negocio JUST-IN-TIME Utilizando BuSiness Process Management;Daniel Alejandro Abreo, Juan Camilo Ruiz ;Jaime García Cepeda;2006;-;-;SiDRe;-;-;Si
AnáliSis y Diseño de un Sistema de Información en la Gerencia Comercial de una Organización Financiera Basado en la Inteligencia de los negocios para la toma de DeciSiones Gerenciales.;Paola Luz Ibáñez Rolong, Diana Carolina MoreNo Bermúdez;Jaime García Cepeda;2006;-;-;SiDRe;-;-;No
AnaliSis y Diseño Funcional de un Sistema de gestion de coNocimiento para la Adm. Y control de riesgos;Ana Carlina García Murillo;Jaime García Cepeda;2006;-;-;SiDRe;-;-;No
Aplicación del Comercio Electronico en las Pymes Colombianas;Christian David Marquez Estefenn, Diana Irina Gomez Amaya;Fernando González ;2006;-;-;SiDRe;-;-;No
Arqueologia de Datos para Estimaciones en Proyectos de Software;Jeny Carolina Santamaria - Sandra Liliana Villanueva Mosquera;-;2006;-;-;SiDRe;-;-;No
Arquitectura Distribuida para Aplicaciones 3D;David Arturo Diaz;César Julio Bustacara Medina;2006;-;-;Takina;-;-;No
Arquitectura para Consumo de Servicios WEB desde DispoSitivos Moviles ( ARQUITECTURA PROVISiONES);Leonardo J. Wagner Serna, Cralos Andres Neva Vargas;Mauricio Naranjo;2006;-;-;SiDRe;-;-;No
Arquitectura para la Automatizacion de Porcesos de Negocio Basada en la Teoria de Flujos de Trabajo Workflows;Hugo Fernando Zapata;Miguel Eduardo Torres MoreNo;2006;-;-;SiDRe;-;-;Si
Asociacion entre CRM y KM con respecto al modulo del servicio al cliente de las Empresas Prestadoras de Salud en Colombia;Sandra Marcela Sanchez Mejia, Marcela Edilsa Ruiz Sanchez;Jorge Salazar Polania;2006;-;-;SiDRe;-;-;No
Busqueda de Patrones en el Uso de codones en genes;Natalia Adriana Garzon Mora, Carlos Augusto Pinzon Pinto;Fabio Antonio Avellaneda Pachón;2006;-;-;Takina;-;-;No
Como crear una Empresa por Ingenieros de Sistemas? Inteligencia Proactiva de Negocios;Rafael Eduardo Rodriguez Valderrama, Nicolas Romero Reyes;Hilda Cristina Chaparro López;2006;-;-;SiDRe;-;-;No
Componente de Software Libre para la Limpieza de Datos en DATA MINING;Viviana Andrea Puentes Barragan - Carlos Andres Rodriguez Morales;Julio Ernesto Carreño Vargas;2006;-;-;SiDRe;-;-;No
Construccion de un Ambiente Virtual de Aprendizaje para el Apoyo al Aprendizale Semi-Presencial.;Oscar Castilblanco, John Portela;Alexandra Pomares Quimbaya;2006;-;-;SiDRe;-;-;No
Construyendo un Jinu de la Informacion;Juan Bernardo Mesa Giraldo, Andres Antonio Polo Jimenez;Rafael Andrés González Rivera;2006;-;-;Istar;-;-;No
Creacion de una Empresa de Base TecNologica para el Desarrollo de Software;Alvaro Assmus Nassar;Adith Bismarck Pérez Orozco;2006;-;-;SiDRe;-;-;No
Creacion de una Empresa para Realizar la produccion comercializacion y distribucion de un software de invetarios para PYMES;Juan Carlos Barragan Quintero, Juan Carlos Bernal Rincon;Beatriz Elena Castaño;2006;-;-;SiDRe;-;-;No
Definicion de un modelo para ambientes virtuales de Aprendizaje donde se involucran Objetos Virtuales de Aprendizaje;Juan Jose Henao Cardenas, Paula Carolina Arias Donato;José Hernando Hurtado Rojas;2006;-;-;SiDRe;-;-;No
Diseño de una guia metodologica para la administracion y gestion de las areas del coNocimiento de calidad y costos en la gerencia de Proyectos;Ingrid Vanessa Polo Rodriguez;Jaime García Cepeda;2006;-;-;SiDRe;-;-;Si
Diseño Implementacion y pruebas de una Aplicación que funcione como centro de Mensajeria Movil y que pueda ser Utilizada por dispoSitivos como los TelefoNos;Lida Jazmin Mendez Orjuela, Andres Felipe Ardila Gaitan;Ricardo González;2006;-;-;SiDRe;-;-;No
Establecimiento de un Modelo de Aprendizaje Identificacion y Correccion de Valores Asociados al proceso de Data Cleaning ;Anyela Maria Torres Sanchez;Luis Roberto Ojeda;2006;-;-;SiDRe;-;-;No
Evaluacion de una Estrategia de Conservacion de BiodiverSidad Mediante el uso de Sistemas de Informacion Geografica;Rhaquel Valencia Grutzenddler;Javier Francisco López Parra;2006;-;-;SiDRe;-;-;Si
Framework Unificado para Desarrollo de Interfaces J2EE con soporte a Objetivos PerSistentes en Bases de Datos Relacionales;Luis A. Báez, Cristian Castañeda G, Diego Castañeda M.;Javier Sánchez;2006;-;-;SiDRe;-;-;No
Gerencia de Proyectos de TecNologia Informatica Aplicada al Plan Estrategico Informatico de Colciencias;Fredy Marcos Rincon Toro, Jorge Mario Agudelo Calderon;Fernando González ;2006;-;-;SiDRe;-;-;No
Graftura- l - eza Generacion Algoritmica de las Plantas;David Arturo Camelo Rojas, Gina Chiquillo Mojica;Oscar Javier Chavarro García;2006;-;-;Takina;-;-;Si
Groupware MediaNo por Agentes Informaticos Racionales para entorNos Empresariales AYLLU-ORG;German Acosta, Leonardo Uribe;Enrique González Guerrero;2006;-;-;SiDRe;-;-;No
Guia Conceptual y Practica que complementa el Nivel de Madurez con las areas de Proceso: Gestion de Riiesgos Educacion y Entrenamiento para Mejorar la eficacia y la Eficiencia.;Luisa Fernanda Angarita MoreNo, Alvaro Hernan Pinzon Ortega;Jaime Hernando González;2006;-;-;SiDRe;-;-;No
"Guia Metodologica para la evaluacion del Proceso de Gestion de Proyetos de Software ""Una ViSion de las Mejores Practicas de Gestion Basadas en la Metrica""";Lady Johanna Arias Cuestas, Sandra Janeth Cantor Florez;Luis Francisco Martinez;2006;-;-;SiDRe;-;-;No
Guia Metodologica para la Recoleccion de Requerimientos a Distancia;Alvaro Sebastian Miranda Forero;Miguel Eduardo Torres MoreNo;2006;-;-;SiDRe;-;-;No
Guia para generar ventaja competitiva en el Sector Turismo de Bogota por emdio de BuSiness Intelligence;Katherin Stefani Londoño Vargas, Jose David Campana Lewis;Hilda Cristina Chaparro López;2006;-;-;SiDRe;-;-;Si
Guía para Obtener Certificacion en el modelo de Calidad CMMI en los Niveles 2 y 3.;Ruben Escudero Galindo, Andres Kricka Garrido;Maria Mercedes Corral Strassman;2006;-;-;SiDRe;-;-;No
Herramienta para la Administracion de Bitacoras de Tiempo y Defectos del TEAM Software Process (TSP);Diana Milena Barbosa Rojas, Luis Eduardo Segura Ovalle;Ricardo González;2006;-;-;SiDRe;-;-;No
Manejo el Cambio en Implementación de ERP en Ambiente UniverSitario;Paola Diaz Cortes, Viviana Otero Fadul, Maria Jose Plata;Guillermo Cepeda;2006;-;-;SiDRe;-;-;Si
Modelo Conceptual para Implementar una solucion de distribucion de contenido Multimedial sobre la Plataforma JAVA EE;Oscar Humberto Escobar Valero, Adriana Maria Suarez Jimenez;Oscar Javier Chavarro García;2006;-;-;Takina;-;-;No
Modelo de gestion de servicios PKI basado en una arquitectura orientadaa servicios;Diana Carolina Valbuena Pabon - Edgar Hernan Lopez Cradenas;Juan Carlos Huertas;2006;-;-;SiDRe;-;-;Si
Modelo de Intregracion entre Computacion en Grilla y Sistemas Multiagentes ;Javier Mauricio Morales, David Fernando De La Peña;Enrique González Guerrero;2006;-;-;SiDRe;-;-;Si
Modelo Integrado de Actividades para el Desarrollo de Proyectos de Inteligencia de Negocios en Empresas Colombianas;Eliana Delgado, Julian MolaNo;Alexandra Pomares Quimbaya;2006;-;-;SiDRe;-;-;Si
Monitoreo y Control de Componentes de Red Sobre Protocolo SNMP;Diego Andres Florez Jimenez, Leonardo Eduardo Londoño Jimenez;Edgar Enrique Ruiz García;2006;-;-;SiDRe;-;-;No
Plataforma Integradora para el Desarrollo de Aplicaciones con agentes fiSicos PIDAAF;Frando Alexis González Velasquez;Enrique González Guerrero;2006;-;-;SiDRe y Takina;-;-;No
Plataforma para determinar la posición de Actores usando tecNología BLUETOOTH;Diego Convers, Juan Camilo Gomez;César Julio Bustacara Medina;2006;-;-;SiDRey Takina;-;-;No
Renderizado Distribuido de un Ambiente Grafico 3D;Diana Lucia Reyes Rodriguez - Alfonso Barbosa Leiva;César Julio Bustacara Medina;2006;-;-;Takina;-;-;Si
Servicio de Mensajeria Instantanea con soporte de autenticacion mediante firmas digitales y cifrado de datos por medo de PKI;Hector Andres Peña Olarte, Oscar Eduardo Lopez Medina;Jorge Mario Calvo;2006;-;-;SiDRe;-;-;No
Servidor de correos con autenticacion mediante firmas digitales como alternativa de solucion de SPAM;Andres Guillermo Quiñones García;Jorge Mario Calvo;2006;-;-;SiDRe;-;-;No
Sistema de Apoyo a los procesos de evaluacion curricular de la carrera Sistemas PUJ;Diana Marcela Arias Jimenez, Sandra Milena Gomez;Julio Ernesto Carreño Vargas;2006;-;-;SiDRe;-;-;No
Sistema para el modelamiento de Rostros HumaNos Virtuales;Lina Marcela Rojas Villafane, Gabriel Ernesto Sarmiento Aguilar;Oscar Javier Chavarro García;2006;-;-;Takina;-;-;Si
Tecnicas de Ubicación Automatica de DispoSitivos Moviles para Proveer Servicios Basados en Localizacion en Colombia;Jose Eduardo Ropero Anteliz;Juan Pablo Garzón Ruiz;2006;-;-;SiDRe;-;-;No
Toolmol Toolkit de Visualizacion Molecular en un Ambiente de 3D;Eduardo Jose Mendoza Armenta - Fabio Ivan Aroca Lara;Oscar Javier Chavarro García;2006;-;-;Takina;-;-;No
Una guia Metodologica para el Calculo del retorNo a la InverSion (rol) en seguridad Informatica ;Nicolas Sanchez Acevedo, Juan Sebastian Segura Castañeda;Jeimy José CaNo;2006;-;-;SiDRe;-;-;Si
(Houtsuwa): módulo de Simulación basada en fíSica para la arquitectura de computación gráfica VITRAL SDK. Módulo de Simulación basada en fíSica mecánica;CastellaNos Galvan Andrea Del Pilar y MuNoz TriviNo César Andrés;Andrés Acero MoreNo;2007;-;-;SiDRe;-;-;No
Adopción y puesta en marcha de tecNología CRM en una Mipyme colombiana;Corredor Pinzón Alejandro, Peralta Mojica Daniel Andres;Agredo John Gunther;2007;-;-;SiDRe;-;-;Si
Alcance Probatorio Evidencia Digital en casos de Delitos Informáticos;Rojas Plaza Juan Camilo, Salazar Viviana;Adith Bismarck Pérez Orozco;2007;-;-;SiDRe;-;-;No
AnaliSis de la Movilidad estudiantil en la UniverSidad Javeriana caso de estudio: Carrera de Ingenieria de Sistemas;Liliana Baquero Fuentes;Hilda Cristina Chaparro López;2007;-;-;Istar;-;-;Si
AnáliSis de la tecNología XBRL como herramienta estándar para el sector financiero colombiaNo;Erazo Bastidas Danilo Jose, Prada Sanchez Julian Andres;Maria Mercedes Corral Strassman;2007;-;-;-;-;-;No
AnaliSis del Impacto de los Sistemas de Informacion Geografiva enfocados a Geomercadeo en las Organizaciones;David Camargo Duran;Javier Francisco López Parra;2007;-;-;Istar;-;-;No
AnaliSis Forense en DispoSitivos Moviles;Juan Gabriel Acosta Bilbao;Adith Bismarck Pérez Orozco;2007;-;-;SiDRe;-;-;No
AnáliSis y Diseño de un Sistema de gestión del coNocimiento y minería de datos aplicado en un proceso de ventas de una organización importadora comercializadora;Barrera Cardenas Zuly Natalia, Perez Annear Edgar Alejandro;Jaime García Cepeda;2007;-;-;SiDRe;-;-;Si
AnaliSis y Diseño funcional de un Sistema de Gestion para el Dominio de la Planeacion y Organización en el GobierNo de TecNologias;Jorge Emilio Calapiña Rozo - Juan Felipe CastellaNos  Arias;Jaime García Cepeda;2007;-;-;SiDRe;-;-;No
"AnáliSis y validación de la herramienta del ""Treatment learning"" TAR2";Lopez MoreNo Felipe Ivan, Daisuke Okuda;Luis Ojeda ;2007;-;-;SiDRe;-;-;No
ArCoo - Arquitectura para Robots cooperativos;Bernal Aristizabal Carlos Andres, Felipe Camargo;Enrique González Guerrero;2007;-;-;SiDRe y Takina;-;-;Si
Arquitectura de un Sistema de gestión del coNocimiento en el área de gerencia de proyectos para Skit Consulting Ltda;Cubillos Alfonso Angela Rossana;Rey Carlos Ricardo;2007;-;-;Istar;-;-;No
Arquitectura para un Sistema Automatizado de DeciSiones de InverSion en el Mercado de Acciones;Daniel Londoño;Julio Ernesto Carreño Vargas;2007;-;-;Istar;-;-;Si
Arquitectura tecNologica integrada para la gestión del coNocimiento empresarial;Medina Luna Victor Hugo;Alexandra Pomares Quimbaya;2007;-;-;Istar;-;-;No
ASMA: Arquitectura para Sistemas Multiagentes para Ambientes con dispoSitivos móviles;Montana Camelo Julian David;Juan Pablo Garzón Ruiz;2007;-;-;SiDRe;-;-;No
Automatizacion del Diseño de Bases de Datos Relacionales con Componentes Didacticos;Juan Felipe Camargo Gomez - Mauricio Antonio Gaviria Holguin;Julio Ernesto Carreño Vargas;2007;-;-;Istar;-;-;No
BESA .NET: Plataforma para desarrollo de Aplicaciones Multiagente;Pablo Cesar Silva Nuñez;Enrique González Guerrero;2007;-;-;SiDRe;-;-;Si
Construcción de un módulo de lectura y representación de escenarios 3D creados en BSP para Vitral SDK;Martinez Chaparro Felix Rodrigo;Luis José Pulido;2007;-;-;Takina;-;-;Si
Consultorio Informático;Martinez Enriquez Javier Andres;Hilda Cristina Chaparro López;2007;-;-;Istar;-;-;No
Curricula-CAD: Un ambiente Gráfico para guiar al estudiante en la selección de materias en un currículo flexible;Jimenez Janer David Ricardo;Rafael José Barros Barrios;2007;-;-;Istar;-;-;No
diseño de Interiores con Realidad Aumentada;Javier Enrique Galvis Carrillo, Camilo Alejandro Parra Benavides;David Alejandro Uribe Pardo;2007;-;-;SiDRe;-;-;No
Diseño de un Sistema de Gestión de CoNocimiento para Alcalicoop empleando ingeniería de Requerimientos;Cifuentes Villamil Monica Johanna, Martinez Eraso Diana Andrea;Rey Carlos Ricardo;2007;-;-;Istar;-;-;No
Diseño de un Tablero de Controlpara la Toma de deciSiones en la Gerencia de TecNologia Aplicado en una PYME de Base TecNologica;Sandra Paola Castro Sanchez, Natalia Cifiuentes Torres;Jaime García Cepeda;2007;-;-;SiDRe;-;-;No
Diseño e implantación de una metodología de Pruebas para Sistemas Multiagentes. Caso específico: AOPOA;Garavito Garavito Oscar Leonardo, Ocampo Izquierdo Juan David;Miguel Eduardo Torres MoreNo;2007;-;-;SiDRe e Istar;-;-;Si
Dw-Soft: Un Sistema Analítico par ala industria del software en Colombia;Cardona Castro Andrés Felipe, Mejía Duarte Carlos Andrés;Rafael José Barros Barrios;2007;-;-;Istar;-;-;No
e-Risk: una herramienta para analizar riesgos en los activos de información electrónica de una organización;Posada Juan Mario;Rafael José Barros Barrios;2007;-;-;Istar;-;-;No
Extracción semiautomática de coNocimiento basado en ontologías a partir de un tipo de elemento de coNocimiento;Sanchez Calderon Ivan Dario, Silva Cardona Diana Celeny;Alexandra Pomares Quimbaya;2007;-;-;Istar;-;-;Si
Guía metodológica para la administración y gestión de riesgos y recursos humaNos aplicado a Proyectos de TI: Caso de Estudio;González Diaz Joshsua James;Jaime García Cepeda;2007;-;-;SiDRe;-;-;No
Guia Metodologica para la gestion Centralizada de Registros de Eventos de Seguridad en Pynes;Diana Carolina Niño Mejia - Alejandro Sierra Munera;Edgar Enrique Ruiz García;2007;-;-;SiDRe;-;-;No
Guia metodologica para la Migracion del protocolo IPV4 a IPV6 en un Ambiente Empresarial;Ivan Mauricio Sanchez- Andres Mauricio Fajardo - Luis Felipe Camargo;Maria Isabel SerraNo;2007;-;-;SiDRe;-;-;No
Guia Metodologica para la recoleccion de Evidencia Digital en Colombia;Juan Camilo Campos Suarez;Maria Isabel SerraNo;2007;-;-;SiDRe;-;-;No
Guia metodologica para planes de contingencia en la administracion de riesgos orientada a requerimientos en Pymes Desarrolladoras en Colombia;Osorio Usaquen Diego Andres, Mantilla Pradilla Juan Guillermo;Juan Guillermo Rojas;2007;-;-;Istar;-;-;No
Infraestructura para la gestion de la Evidencia digital en redes Inalambricas;Juan David Gutierrez, Giovanni Zuccardi Hernandez;Nelson Gomez de la Peña;2007;-;-;SiDRe;-;-;Si
La gran Expedicion Humana una Oportunidad para diseñar una Bodega de Datos 3093 ;Maria Adriana Briceño Ramos;Fabio Antonio Avellaneda Pachón;2007;-;-;Takina;-;-;No
MetamorfoSis sobre Objetos Graficos en Tercera DimenSion;Josue Alejandro Barrero - Luis Adolfo Barrios;David Alejandro Uribe Pardo;2007;-;-;SiDRe;-;-;No
miPyme Colombia: TecNologías Open Source para la Gestión de los Procesos de Producción de las Empresas Colombianas;Barrera Alvarez Miguel Alfonso, Ochoa Gaviria Guillermo Alexander;Agredo John Gunther;2007;-;-;SiDRe;-;-;No
Módulo administrador de escenas tridimenSionales mediante Grafos de Escena;Pena Ocando Ariel Eduardo, Sierra Salazar Juan David;Luis José Pulido;2007;-;-;Takina;-;-;No
Orquestando Procesos de Negocio con SOA;Ana Maria LozaNo, Diana Milena Perez;Juan Guillermo Rojas;2007;-;-;SiDRe;-;-;No
Presas y Cazadores: Un enfoque desde las redes Neuronales ;Jose Luis Uribe Aponte;Adith Bismarck Pérez Orozco;2007;-;-;Takina;-;-;No
Propuesta de Manejo de Informacion Cartografica para la Unidad de parques Nacionales Naturales de Colombia: caso de estudio parque Nacional;Juan Pablo Gomez Sepulveda - Nadia Zayde Alvarez Rincon;Javier Francisco López Parra;2007;-;-;Istar;-;-;Si
Propuesta de un Modelo de AnaliSis para estimacion del Tamaño del Software y Gestion de costos y riesgos a partir de Requerimientos Funcionales ;Sandra Patricia Forigua , Oscar Arturo Ballesteros;Luis Carlos Díaz Chaparro;2007;-;-;Istar;-;-;No
Realidad Aumentada Distribuida para Exteriores ;Jorge Ernesto Baracaldo Montenegro, Felipe Andres Garzon Beltran;César Julio Bustacara Medina;2007;-;-;Takina;-;-;No
Rediseño de Curriculo que Fortalezca el Desarrollo de Competencias BaSicas en TecNologia Informatica en Estudiantes de Media Vocacional;Lina Viviana Avila Diaz - Alejandra del Pilar Castillo Galindo;John Alexander Mendoza García;2007;-;-;Istar;-;-;No
Resolucion a un Problema de Heterogeneidad de Datos Basados en Ontologias;Angela Maria Muñoz Vega - Ana Maria Obando Cajiao;Alexandra Pomares Quimbaya;2007;-;-;Istar;-;-;No
Roles Racionales en robotica Cooperativa ( r3c);Michael Acostamadiedo Mona - Rodolfo Caliz ospiNo;Enrique González Guerrero;2007;-;-;SiDRe y Takina;-;-;No
Sistema de integración de ontologías;García Andrés Armando, Rodriguez Chaves Jorge Ulises;Alexandra Pomares Quimbaya;2007;-;-;Istar;-;-;No
Una arquitectura para la administración de Imágenes Georeferenciadas en Colombia;Aroca Moscote Juan Manuel, Ospina Martinez Aparicio Hector Miguel;Javier Francisco López Parra;2007;-;-;Istar;-;-;No
Una guía metodológica de estimación de un indice de amenaza interna: Caso de estudio;Gomez Peralta ISis Johanna;Jeimy José CaNo;2007;-;-;SiDRe;-;-;No
Uso de Mineria de Datos para Mejorar la atencion al Cliente en el sector de Servicios;Felipe Fernando SerraNo Sanchez - Elmy Wilfred Maynham Gomez;Alexandra Pomares Quimbaya;2007;-;-;Istar;-;-;No
AnáliSis comparativo de los marcos conceptuales en Ciencias BáSicas del programa de Ingeniería de Sistemas de la PUJ y programas afines en el mundo, para la construcción de un nuevo marco de referencia.;Fajardo Mora Ana Karina, Mayorga Puyo Lina Constanza;Hilda Cristina Chaparro López;2008;-;-;Istar;-;-;Si
AnáliSis comparativo sobre diferentes metodologías de desarrollo de software y la problemática actual que enfrentan las compañías colombianas en su implementación;Sonia SoriaNo;Hilda Cristina Chaparro López;2008;-;-;Istar;-;-;No
Aplicación Web de visualización y apoyo a toma de deciSiones en el proceso de elección de aSignaturas de un currículo flexible. Caso de estudio: Estudiantes de Ingeniería de Sistemas de la Pontificia UniverSidad Javeriana;Gil Segura Rafael Andrés;Hilda Cristina Chaparro López;2008;-;-;Istar;-;-;No
Arquitectura para un Contenedor de aplicaciones de CG;González Diego E, Ortiz Anamaria;César Julio Bustacara Medina;2008;-;-;Takina;-;-;Si
BESA-CE: Una arquitectura para el desarrollo de SMA para dispoSitivos Móviles usando .NET CF;Montaña Camelo Julián David;Juan Pablo Garzón Ruiz;2008;-;-;SiDRe;-;-;Si
Caracterización del programa de Ingeniería de Sistemas en el contexto latiNoamericaNo.;Dániel Ramirez Gloria Inés;Hilda Cristina Chaparro López;2008;-;-;Istar;-;-;Si
CoopSMA – EVALUACION DE UNA ESTRATEGIA DE COOPERACIÓN APLICADA A ROBOTS FÍSiCOS, CASO DE ESTUDIO FIRA;Gomez Alegria Gabriel Alejandro, Juliana Valdes Jácome;Adith Bismarck Pérez Orozco;2008;-;-;SiDRe y Takina;-;-;No
Decisiones inteligentes usando Sistemas basados reglas en la plataforma de agentes BESA.;Fabián José Roldán Piñeros;Enrique González Guerrero;2008;-;-;SiDRe y Takina;-;-;Si
Desarrollo de un Sistema de información para la inscripción de prácticas profeSionales para la facultad de ingeniería;Luis Felipe Ramirez Cuervo, Claudia Marcela Rodríguez Viveros;Hilda Cristina Chaparro López;2008;-;-;Istar;-;-;No
Desarrollo de una plan de negocio para suplir las neceSidades de adaptación a los Sistemas de información en pymes ;Juan Carlos Ariza Zea, Camilo Andrés López Londoño;Hilda Cristina Chaparro López;2008;-;-;Istar;-;-;No
Diseño de un Sistema de gestión de coNocimiento para facilitar el proceso de certificación de calidad ISO 9001:2000 en PYMES;Zuluaga García Juan Pablo;Jaime García Cepeda;2008;-;-;-;-;-;No
Diseño de una empresa de soluciones informáticas para el apoyo en la toma de deciSiones en las organizaciones;Santiago CastellaNos Hernández, Felipe Alberto Martínez González;Luz Marina Sánchez Ayala;2008;-;-;Istar;-;-;No
Evaluación 360º, Herramienta Web;Ochoa Robin;Luis Francisco Martinez;2008;-;-;ISTAR;-;-;Si
Guía metodológica para el análiSis forense en dispoSitivos móviles GSM;Carlos Andrés Castillo Londoño, Rafael Andrés Romero Ramírez;Jeimy José CaNo;2008;-;-;-;-;-;No
Guía Metodológica para la implementación de Sistemas de correlación de eventos de seguridad a nivel corporativo.;Monsalve Bonilla Mario Felipe, Riaño Constain Fabian Andrés;Fabián Alejandro Molina Molina ;2008;-;-;-;-;-;No
Guía metodológica para la localización de software en Colombia;Julián David Barbosa mendoza, Ricardo Alberto Payán Gómez;Miguel Eduardo Torres MoreNo;2008;-;-;Istar;-;-;Si
Guía metodológica para planes de contingencia en la administración de riesgos orientada a requerimientos en pymes;Mantilla Juan Guillermo, Osorio Diego;Juan Guillermo Rojas;2008;-;-;-;-;-;No
Guia para apoyar los procesos de control y seguimiento de la gerencia de proyectos de Sistemas de información, basada en el estandar COBIT 4.0.;Nathaly Barrera Camargo, Diana AveliNo Chala;Jackeline Becerra Silva;2008;-;-;-;-;-;No
Hairstyle 3D: Prototipo para el modelado de cabello en Vitral SDK;Adriana Marcela Reina Gòmez, Christian David Villarraga López;Andrés Acero MoreNo;2008;-;-;Takina;-;-;No
Implementación de POS OpenSource como herramienta Point Of Sale al modulo de inventarios del ERP OpenBravo, del flujo de información de ventas para una microempresa colombiana.;William Alexander Sánchez Garzón, Sindy Sánchez Jiménez;Ricardo Naranjo;2008;-;-;-;-;-;No
Implementación de un modelo de seguridad para la plataforma de Sistemas multiagentes BESA.;Fonseca Cuenca  Guillermo, González  Maria Camila;Juan Pablo Garzón Ruiz;2008;-;-;SiDRe;-;-;Si
Localización y actualización cartográfica en teléfoNos móviles dentro de una red social;Martinez Nieto Andrés Eduardo, Montañez Caviedes Oscar Mauricio;Javier Francisco López Parra;2008;-;-;Istar;-;-;Si
Manejo de Rastreador de Movimiento sobre la plataforma VITRAL.;Abello Martinez Juan Diego, Acuña Toloza  Alvaro Andrés;David Alejandro Uribe Pardo;2008;-;-;-;-;-;Si
Metodologías de Gerencia de Proyectos Apropiadas. Caso de estudio: Applica de Colombia;Paola Constanza Peña, Diego Andrés Rodriguez;Mónica Cepero;2008;-;-;-;-;-;No
Modelo Informatico Para La Publicación Y Administración De Contenidos Certificados Generados Por La Comunidad UniverSitaria;Carlos Andrés Rodriguez, Erwin Zárate Peña;Luis Francisco Martinez;2008;-;-;-;-;-;Si
NIMBUS, Sistema para la planificación y control de la producción de una microempresa colombiana;Gómez Arévalo Juan Carlos, Guevara Cortés Lina María;Silvia Lorena Ortiz Rubio ;2008;-;-;Istar;-;-;Si
Planificación Dinámica de Recursos, una aproximación desde los Sistemas multiagentes.;Bernardo Andrés Neira León;Adith Bismarck Pérez Orozco;2008;-;-;SiDRe y Takina;-;-;No
Plataforma de servicios para establecimientos comerciales, personalizados mediante generación dinámica de perfiles de usuarios nómadas.;José David Marín Díaz, Ernesto Alejandro Rico Zuluaga;Ángela Cristina Carrillo Ramos;2008;-;-;Istar;-;-;Si
Prototipo de una herramienta didáctica para dar soporte al proceso de enseñanza aprendizaje de los conceptos báSicos de la capa de red en el área de redes y comunicaciones. OSiCare;Jorge Andrés Galindo, Luis Fernando Plazas Tuttle;Luis Carlos Díaz Chaparro;2008;-;-;Istar;-;-;No
PSiCoder: Software Educativo para facilitar el proceso de enseñanza-aprendizaje en un curso báSico de programación;John Henry Vásquez Acero, Liliam Paola Páez Pérez;José Hernando Hurtado Rojas;2008;-;-;Istar;-;-;Si
Tráfico aéreo dinámico, una perspectiva desde los Sistemas Multi-Agentes;García Cruz Diana Paola, Rodriguez Sua Juan David;Adith Bismarck Pérez Orozco;2008;-;-;SiDRe y Takina;-;-;Si
Una alternativa curricular para el entrenamiento en tecNologías de información.;Rodriguez Monroy Claudia Elizabeth;John Alexander Mendoza García;2008;-;-;Istar;-;-;Si
WII WANT 2 LEARN: arquitectura para el desarrollo de aplicaciones basadas en el WIMOTE;Cristian Mauricio Collazos, Alejandro Camilo Pardo Rodríguez;Leonardo Florez Valencia;2008;-;-;Takina;-;-;Si
Adopción de TecNologías Basadas en Software Libre para Pymes con NeceSidades de Centralización de Información ;Ana María Orozco, Javier Andrés Cardenas Franco;Leonardo Florez Valencia ;2009;1;pegasus.javeriana.edu.co/~CIS0830IS18;Istar;CIS0830IS18;-;Si
Alto desempeño computacional basados en los modelos de grillas y Sistemas multiagentes.;Luis Andrés Betancourth Gamba, José Francisco Cera Pérez;Adith Bismarck Pèrez Orozco;2009;1;pegasus.javeriana.edu.co/~CIS0810SD02;SiDRe;CIS0810SD02;-;No
ANALISiS COMPARATIVO DE HERRAMIENTAS WEB ORIENTADAS A AMBIENTES COLABORATIVOS DIGITALES. CASO DE ESTUDIO: NARRATOPEDIA;Maria Paula Arias Baez, Luis Guillermo Torres Ribero;Luis Carlos Díaz Chaparro;2009;1;pegasus.javeriana.edu.co/~CIS0910IS02;Istar;CIS0910IS02;-;No
Aplicación del algoritmo “Fast Marching” en ambientes tridimenSionales: Caso de estudio en imágenes médicas;Luis Andrés Almanza Caicedo;Leonardo Florez Valencia ;2009;1;pegasus.javeriana.edu.co/~CIS0830TK03;Takina;CIS0830TK03;-;No
ConSideraciones Antiforenses en Sistemas de archivos HFS y HFS+;Nieto Lara Carlos Enrique;Jeimy José CaNo;2009;1;pegasus.javeriana.edu.co/~CIS0710SD01;-;CIS0710SD01;-;Si
Creación de empresa de servicios informáticos para el sector de finca raíz en Bogotá;Henry Junior Clavijo Cafiero;Luz Marina Sánchez;2009;1;pegasus.javeriana.edu.co/~CIS0830IS11;Istar;CIS0830IS11;-;No
EBA(E-BuSinessAdaptation): Modelo de adaptación de las actividades del proceso deventa en los almacenes de cadena con proyección virtual. ;Javier Alexander Cristancho Castañeda, Andrés Oswaldo Romero Barreto;Rafael Barros Barrios;2009;1;pegasus.javeriana.edu.co/~CIS0830IS03;Istar;CIS0830IS03;-;No
Elaboración de una guía metodológica para el uso del balanced scorecard en proyectos de tecNología e información alineada por el PMBOK;Liz Angela Rodriguez Vargas;Jacqueline Becerra Silva;2009;1;pegasus.javeriana.edu.co/~CIS0910IS04;-;CIS0910IS04;-;No
Estandarización para manejo y análiSis de la información predial de los Parques Naturales Nacionales de Colombia ;José David Yances Rojas, Samuel Murillo Ariza;Javier Francisco López Parra;2009;1;pegasus.javeriana.edu.co/~CIS0830IS04;Istar;CIS0830IS04;-;No
Estrategias para el uso y apropiación del Sistema nacional de identificación e información del ganado boviNo para los ganaderos del Magdalena Medio;Mauricio Nieto Avila;John Alexander Mendoza García;2009;1;pegasus.javeriana.edu.co/~CIS0810IS13;Istar;CIS0810IS13;-;No
Estudio e implementación de un modelo activo para la segmentación de imágenes diagnósticas;Rojas Pinzón David Santiago;Leonardo Florez Valencia ;2009;1;pegasus.javeriana.edu.co/~CIS0730TK03;Takina;CIS0730TK03;-;No
Exploración de modelos de negocio para la creación de una empresa de diseño y desarrollo Web;Sergio David Acosta Pinto, Iván Camilo Vásquez Gûiza;Luz Marina Sánchez Ayala;2009;1;pegasus.javeriana.edu.co/~CIS0810IS08;-;CIS0810IS08;-;Si
Generación de mediadores pedagógicos para facilitar el proceso de enseñanza – aprendizaje en la realización de las consultas a las Bases de Datos en la Pontificia UniverSidad Javeriana;Jeimy Ramírez Pinilla, Ricardo Gómez Angulo;Julio Ernesto Carreño Vargas;2009;1;pegasus.javeriana.edu.co/~CIS0830IS15;Istar;CIS0830IS15;-;Si
Guía para el entrenamiento del talento humaNo teniendo en cuenta el nivel de madurez de la organización en seguridad de la información;Maria Alejandra Sarmiento Pardo ;Gloria Patricia Arenas;2009;1;pegasus.javeriana.edu.co/~CIS0910SD04;-;CIS0910SD04;-;No
iPhorenSics: Un protocolo de análiSis forense para dispoSitivos móviles inteligentes;Juan Camilo Ruiz Caro, Andrea Ariza Diaz;Jeimy José CaNo Martinez;2009;1;pegasus.javeriana.edu.co/~CIS0910SD01;-;CIS0910SD01;-;Si
Modelo de adaptaciónal despliegue en dispoSitivos de acceso heterogéneos;Juan Carlos Nova Madrid, Luis Carlos Ignacio Niño Tavera;Ángela Cristina Carrillo Ramos y Edgar Enrique Ruiz García;2009;1;pegasus.javeriana.edu.co/~CIS0830SD01;Istar;CIS0830SD01;-;Si
Modelo de aseguramiento de redes de VoIP aplicable en una empresa del sector financiero;NICOLAS E. ORTIZ HERNANDEZ, Roberto Antonio Hoyos Loaiza;Fabián Alejandro Molina Molina;2009;1;pegasus.javeriana.edu.co/~CIS0830SD02;-;CIS0830SD02;-;No
MRCC – Robotica Cooperativa: Una Perspectiva Práctica de Cooperación Entre Robots;Juan Sebastián Figueredo Rengifo, Felipe Caicedo;Enrique González Guerrero ;2009;1;pegasus.javeriana.edu.co/~CIS0910TK03;Takina;CIS0910TK03;-;No
MVCREATIVE: Herramienta didáctica de apoyo al proceso de enseñanza y aprendizaje de los conceptos báSicos de vectores y matrices. ;Oscar Andrés Montenegro Bocanegra ;Luis Carlos Díaz Chaparro;2009;1;pegasus.javeriana.edu.co/~CIS0830IS05;Istar;CIS0830IS05;-;No
OMNI: Middleware para la definición e implementación de servicios genéricos independientes de la plataforma orientado a dispoSitivos móviles;César Esteban Castañeda Ruiz;Javier Francisco López Parra;2009;1;pegasus.javeriana.edu.co/~CIS0830IS13;Istar;CIS0830IS13;-;Si
PCEM: Plataforma de Colaboración entre Sistemas Expertos Médicos.;Ricardo Andres Lopez Pumarejo;Enrique González Guerrero;2009;1;pegasus.javeriana.edu.co/~CIS0830TK02;Takina;CIS0830TK02;-;No
Personalización de información provista por servicios de comercio móvil en ambientes nómadas. Caso de Estudio: Plataforma PIC-M ;Jaime Gabriel Orjuela Parra, Mario Alberto Martinez Diaz;Ángela Cristina Carrillo Ramos y Leonardo Florez Valencia;2009;1;pegasus.javeriana.edu.co/~CIS0830IS01;Istar;CIS0830IS01;-;Si
Propuesta de gestión de riesgos en implementación de e-SCM mediante el análiSis de la estrategia B2C.;Juan Pablo Mejía Wagner;Andrés Adolfo Bolaños Arturo;2009;1;pegasus.javeriana.edu.co/~CIS0830IS08;-;CIS0830IS08;-;No
Prototipo para visualizar la contaminación en el aire de Bogotá;Alvaro Ernesto Caceres Lara;César Julio Bustacara Medina;2009;1;pegasus.javeriana.edu.co/~CIS0830TK01;Takina;CIS0830TK01;-;Si
Servicio de Navegación Terrestre en Bogotá, apoyado en un Sistema GPS y la comunicación móvil;Luis Fernando López MoreNo, Juan Manuel Perdigón Sistiva;Javier Francisco López Parra;2009;1;pegasus.javeriana.edu.co/~CIS0810IS06;Istar;CIS0810IS06;-;Si
SiMPCE (Simulador de Movilidad de Personas en espacios Cerrados);Andrés Camilo Galvis Rodriguez, Juan Felipe Gonzalez Gómez;Fabio Antonio Avellaneda Pachón;2009;1;pegasus.javeriana.edu.co/~CIS0910TK01;Takina;CIS0910TK01;-;Si
Sistema de Apoyo a procesos ejecutivos de niños con déficit de atención e hiperactividad;Nicolás Aristizabal, Ricardo López, Gustavo Salazar;Miguel Eduardo Torres MoreNo;2009;1;pegasus.javeriana.edu.co/~CIS0830IS17;Istar;CIS0830IS17;-;Si
Sistema de Enriquecimiento de consultas basado en los perfiles de usuario y de contexto tomando en cuenta el perfil de seSión y el histórico en el Sistema ;Fernando Antonio Aragón Manjarres, Maria Claudia Higuera Palacio;Ángela Cristina Carrillo Ramos y Julio Ernesto Carreño Vargas;2009;1;pegasus.javeriana.edu.co/~CIS0830IS02;Istar;CIS0830IS02;-;No
Sistema Domótico para prevención de accidentes y superviSión en hogares;Jose Luis Gómez-Casseres del Campo, Edgar Leonardo Torres Quiñónez;Edgar Enrique Ruiz García ;2009;1;pegasus.javeriana.edu.co/~CIS0810SD03;SiDRe;CIS0810SD03;-;Si
TAVA: Herramienta didáctica para apoyar el proceso de enseñanza-aprendizaje en los conceptos de variables, tipos de datos y apuntadores.;Luisa Fernanda Barón Botero, Maria Camila Ronderos Pulido;Luis Carlos Díaz Chaparro;2009;1;pegasus.javeriana.edu.co/~CIS0830IS06;Istar;CIS0830IS06;-;Si
WebGan: Implicación de las TICs en la Comercialización de Ganado;Eberto Burgos Mendoza;Luz Marina Sánchez;2009;1;pegasus.javeriana.edu.co/~CIS0830IS10;Istar;CIS0830IS10;-;No
(HotCon)–Control Hotelero: Implicación de las TICs [12] en el control y el mantenimiento de procesos en el sector hotelero.;Juan Alberto Vélez Casadiego;Rafael Barros Barrios;2010;1;pegasus.javeriana.edu.co/~CIS0910IS07;Istar;CIS0910IS07;-;No
Aiuta: Software de apoyo a las terapias de logogenia en niños sordos de 8 a 12 años;Olga Lucía Sarmiento Aguilera, Diego Valdeblanquez Prieto;José Hernando Hurtado Rojas;2010;1;pegasus.javeriana.edu.co/~CIS0910IS03;Istar;CIS0910IS03;-;Si
Aplicación web para el cálculo del paSivo penSional de entidades que manejen el régimen de prima media del Sistema general de penSiones colombiaNo.   ;Edgar Adrian Otalora Neira, Francisco Adolfo Mora Calderón;Maria Consuelo Franky de Toro;2010;1;pegasus.javeriana.edu.co/~CIS0910IS01;Istar;CIS0910IS01;-;No
Construcción de una arquitectura que provea servicios de información y publicidad a dispoSitivos móviles basados en su ubicación geo-referenciada;Jair Andrés MoreNo Muñoz, Andres Gaitan;Javier Francisco López Parra;2010;1;pegasus.javeriana.edu.co/~CIS0930IS02;Istar;CIS0930IS02;-;No
Construcolectiva: Guía metodológica para la gestión de proyectos de software basados en metodologías ágiles utilizando de ambientes colaborativos. Caso de estudio: GForge.;John Eddie Diaz Agudelo, Juan Olaya;Maria Consuelo Franky de Toro;2010;1;pegasus.javeriana.edu.co/~CIS0910IS05;Istar;CIS0910IS05;-;Si
Guía de Implementación de Arquitecturas Orientadas a Servicios (SOA) y soluciones de Administración de Procesos (BPM) ;Gomez Galvis Javier Eduardo;José Javier Prada;2010;1;pegasus.javeriana.edu.co/~CIS0930IS01;-;CIS0930IS01;-;No
Guía metodología para identificar y validar la aplicación de técnicas anti-forenses en equipos con Sistema operativo Windows XP Service Pack 3.;Armando Botero Vila, Ivan Felipe Camero Padilla;Jeimy José CaNo Martinez;2010;1;pegasus.javeriana.edu.co/~CIS0910SD03;SiDRe;CIS0910SD03;-;No
Guía para interactuar con STAKEHOLDERS en el proceso de Ingeniería de Requerimientos;Carlos Alejandro Mera;Rafael Barros Barrios;2010;1;pegasus.javeriana.edu.co/~CIS0830IS16;Istar;CIS0830IS16;-;No
IT for Small BuSiness: Exploracion En El Servicio De Asesorias Inteligentes Para Pymes;Dario Andrés Botero Toledo;Hilda Cristina Chaparro López y Gustavo  Soto Gaitán;2010;1;pegasus.javeriana.edu.co/~CIS0810IS05;Istar;CIS0810IS05;-;No
Metodologia para implementacion de un modelo e-CRM en la organizacion Grupo Valdivieso;Mario Andrés Gonzalez Valdivieso;Andrés Adolfo Bolaños Arturo;2010;1;pegasus.javeriana.edu.co/~CIS0830IS07;-;CIS0830IS07;-;No
Modelo de apoyo a la gestión administrativa univerSitaria y a las funciones sustantivas para la DTI dentro de la PUJ.;Angela Cháves, Karol Beltrán;Luis Francisco Martínez;2010;1;pegasus.javeriana.edu.co/~CIS0830IS09;-;CIS0830IS09;-;No
SAVI: Sistema de Angiografía Virtual inmerSiva;Mauricio Torres;Leonardo Florez Valencia ;2010;1;pegasus.javeriana.edu.co/~CIS0910TK02;Takina;CIS0910TK02;-;No
SEGURIDAD DE LA INFORMACIÓN EN UNA EMPRESA DEL SECTOR FINANCIERO CON UN  ENFOQUE ORIENTADO A LAS PERSONAS Y LOS PROCESOS;Nathalia Milena Prada Hernández;Gloria Arenas (antes: Luz Marina Sánchez Ayala);2010;1;pegasus.javeriana.edu.co/~CIS0830IS12;Istar;CIS0830IS12;-;No
Software Educativo para el aprendizaje de las matemáticas en niños de 9 a 11 años.;Camilo Andrés López Díaz;María Luisa Lamprea Ordóñez ;2010;1;pegasus.javeriana.edu.co/~CIS0930IS05;-;CIS0930IS05;-;No
Aplicaciones anti-forenses en el Sistema de archivos ZFS.;Jonathan Cifuentes Arias;Jeimy José CaNo Martinez;2011;1;pegasus.javeriana.edu.co/~CIS0930SD01;-;CIS0930SD01;-;Si
Comercio electrónico orientado a las MiPymes en Colombia;Camilo Andrés Mateus;Fernando González Saravia;2011;1;-;-;-;-;No
Diseño de un Sistema de Notificación de transacciones de recaudos  entre entidades financieras y empresas facturadoras, utilizando una arquitectura orientada a servicios (SOA) ;Alfonso Alfonso,Jose Luis, Enciso Arevalo,Andres Felipe;Hugo Cendales;2011;1;pegasus.javeriana.edu.co/~CIS0930IS03;-;CIS0930IS03;-;No
Diseño de un Sistema de Servicios Personalizados para recomendar productos/servicios de manera Genérica y MultidimenSional;Andrea Paola Barraza Urbina;Ángela Cristina Carrillo Ramos;2011;1;pegasus.javeriana.edu.co/~CIS1010IS01;ISTAR;CIS1010IS01;-;Si
Electro-FiSiología del Simulador neuronal biológico CORTEX 3D;Saúl Fernando Martinez Rubio;Leonardo Florez Valencia;2011;1;pegasus.javeriana.edu.co/~CIS1030TK01;Takina;CIS1030TK01;-;Si
Estado del arte de la aplicación de técnicas anti forenses en bases de datos. Conceptos y retos para los informáticos forenses;Pedro Alejandro Santiesteban Correa, Guillermo Alfonso Ferro Rodriguez;Jeimy José CaNo Martinez;2011;1;pegasus.javeriana.edu.co/~CIS1010SD03;-;CIS1010SD03;-;No
Guia Metodologica de Control y Aseguramiento en Cloud Computing para Pymes;Andres Hidalgo Lara;Freddy Vargas Blanco;2011;1;pegasus.javeriana.edu.co/~CIS1030SD02;SiDRe;CIS1030SD02;-;No
Guía metodológica orientada a desarrolladores de servicios de mercadeo basados en localización para ofrecer mejores alternativas  teniendo en cuenta perfiles de usuario.;Wilson Ferney Perez Cortes;Javier Francisco López Parra;2011;1;pegasus.javeriana.edu.co/~CIS1010IS07;ISTAR;CIS1010IS07;-;No
Guía Metodológica para el levantamiento y análiSis de requerimientos de Software con base en procesos de negocio.;Jose Miguel Martinez Guerrrero, Camilo Andres Silva Delgado;Miguel Eduardo Torres MoreNo;2011;1;pegasus.javeriana.edu.co/~CIS1010IS06;ISTAR;CIS1010IS06;-;No
Guía metodológica para la gestión de proyectos de juegos de video utilizando BPM.;Daniel Alfonso Silva Barrera;Oscar Javier Chavarro  García  ;2011;1;pegasus.javeriana.edu.co/~CIS0930TK04;ISTAR;CIS0930TK04;-;Si
Herramienta para la administración de requerimientos de los proyectos de las aSignaturas de ingeniería de software y arquitectura de software de la pontificia univerSidad javeriana;Laura Catalina Zorro Jimenez, Vanesa Carolina Loaiza Carvajal;Miguel Eduardo Torres MoreNo;2011;1;pegasus.javeriana.edu.co/~CIS1010IS05;ISTAR;CIS1010IS05;-;Si
MediCom: Herramienta de Telemedicina para el análiSis de imágenes e información compartidas;Ana Maria Gonzalez Urueta, Diana Carolina Ramirez Osorio;Leonardo Florez Valencia ;2011;1;pegasus.javeriana.edu.co/~CIS0930TK03;ISTAR;CIS0930TK03;-;Si
Modelo de cilindro generalizado para diagNostico de patologías vasculares.;Diego Ramirez, Jairo Perez;Leonardo Florez Valencia ;2011;1;pegasus.javeriana.edu.co/~CIS0930TK02;Takina;CIS0930TK02;-;No
Modelo de Gestión de Formaciones para Control de Cooperación basada en Multi-Resolución MRCC;Sebastian Plata Duarte, Diego Francisco Castillo Velasquez;Enrique González Guerrero;2011;1;pegasus.javeriana.edu.co/~CIS1010SD02;SiDRe;CIS1010SD02;-;Si
Modelo tecNológico de desarrollo social para las neceSidades laborales y educativas de las comunidades.;Carlos Fernando Jaramillo Ortiz, Diana Marcela Ospina Salazar;Leonardo Florez Valencia;2011;1;pegasus.javeriana.edu.co/~CIS1010IS03;ISTAR;CIS1010IS03;-;Si
Obtención de Información relevante sobre un lugar a partir de la captura de su imagen en un dispoSitivo móvil;Fajardo Bermudez,Andres, Guillermo Malagón;César Julio Bustacara Medina;2011;1;pegasus.javeriana.edu.co/~CIS0930TK01;Takina;CIS0930TK01;-;No
OhmyClothes: Plan de Negocios, Plan Marketing Digital y prototipo web para comercializar ropa por internet mediante Crowdsourcing ;Oscar Fabra;Efraín Ortiz Pabón;2011;1;pegasus.javeriana.edu.co/~CIS0930IS04;-;CIS0930IS04;-;No
Planificador a largo plazo para la administración de recursos en grillas computacionales tipo OSG;Oscar Giovanni Medina Alfaro;Diego Rincón;2011;1;pegasus.javeriana.edu.co/~CIS1010SD01;SiDRe;CIS1010SD01;-;-
Propuesta para el cumplimiento de los controles técnicos de la circular 14 basado en el modelo planteado por la Norma iso27001, bajo plataforma Oracle;Alejandro Losada Rivera, Marco Antonio Olivera Arboleda;Luz Adriana BueNo Mendoza;2011;1;pegasus.javeriana.edu.co/~CIS1010IS04;-;CIS1010IS04;-;No
ProSoftCol: Guía Metodológica de Mejora de Procesos de Construcción de Software Adaptada para MIPyMES_DS Colombianas;Ximena Higuera Moriones;Rafael González;2011;1;pegasus.javeriana.edu.co/~CIS1030IS04;ISTAR;CIS1030IS04;-;Si
Simulador de conductas humanas en Situaciones de emergencia ocaSionadas en lugares cerrados basado en Sistemas multiagentes;Edgar Mauricio Nomesque Silva;Fabio Antonio Avellaneda Pachón;2011;1;pegasus.javeriana.edu.co/~CIS1010TK01;Takina;CIS1010TK01;-;No
Software de inteligencia de negocios para la fertilización de plantaciones de palma de aceite;Michael Schmidt Dangel;Leonardo Florez Valencia ;2011;1;pegasus.javeriana.edu.co/~CIS0930IS07;ISTAR;CIS0930IS07;-;No
ZuGym- AnáliSis y diseño de una herramienta que ofrece servicios personalizados a usuarios de gimnaSios;Luisa Fernanda Barrera Leon;Ángela Cristina Carrillo Ramos y Alexandra Méndez;2011;1;pegasus.javeriana.edu.co/~CIS0930IS08;ISTAR;CIS0930IS08;-;Si
AGIL: Restructuración del modelo de tráfico en Bogotá, para una movilidad Optima;NICOLAS GAITAN RUBIO?;Rafael Vicente Páez Méndez;2011;3;pegasus.javeriana.edu.co/~CIS1130SD01;SiDRe;CIS1130SD01;-;No
Arquitectura de un modulo I/O para objetos 3D;ANDRES HARKER GUTIERREZ?;César Julio Bustacara Medina y Oscar Javier Chavarro García;2011;3;pegasus.javeriana.edu.co/~CIS1130TK01;TAKINA;CIS1130TK01;-;No
Arquitectura para el cálculo y visualización de cartografías ;DIEGO FERNANDO CÁCERES HERRERA;Leonardo Florez Valencia y Maciej Orkisz;2011;3;pegasus.javeriana.edu.co/~CIS1130TK08;TAKINA;CIS1130TK08;-;No
Formaciones de Fútbol Robótico;ANDRES MAURICIO TELLEZ AGUILAR;Julián Angel;2011;3;pegasus.javeriana.edu.co/~CIS1130TK02;Takina;CIS1130TK02;-;No
Mapa de riesgos y amenazas Sismicas de las lineas de acueducto de Usme Barrios programa social PROSOFI;JAMES MENDEZ PERDOMO; Javier Francisco López Parra;2011;3;pegasus.javeriana.edu.co/~CIS1130IS04;ISTAR;CIS1130IS04;-;Si
Modelo de correspondencia entre imágenes de distribución de preSión plantar y podoscopia electrónica para contribuir al diagNostico de pie diabético.;GERMAN MORALES PIÑEROS?;Leonardo Florez Valencia;2011;3;pegasus.javeriana.edu.co/~CIS1130TK03;TAKINA;CIS1130TK03;-;Si
Modelo de deformación en mallas Simplex para fuerzas externas;JULIAN RODRIGO TENJO GIL?;Leonardo Florez Valencia;2011;3;pegasus.javeriana.edu.co/~CIS1130TK06;TAKINA;CIS1130TK06;-;Si
Paideia: modelo pedagógico para la enseñanza de principios de programación conSiderando la utilización de Ambientes Virtuales de Aprendizaje (AVA);ANDRES FELIPE RAMIREZ AYALA;José Hernando Hurtado Rojas;2011;3;pegasus.javeriana.edu.co/~CIS1130IS01;ISTAR;CIS1130IS01;-;No
Plan de Negocio y Modelo de SW para comercialización en ITKolvance;ELIZABETH BARROS BARRIOS?;Efraín González;2011;3;pegasus.javeriana.edu.co/~CIS0830IS14;-;CIS0830IS14;-;No
Protocolo de Pruebas de Acciones Cooperativas para Robots Futbolistas – ProPAC;RODRIGO MUNoZ GONZALEZ;Julián Angel;2011;3;pegasus.javeriana.edu.co/~CIS1130SD04;Takina y Sidre;CIS1130SD04;-;No
Servicios de computacion en la nube y DispoSitivos moviles android 2.2;SANTIAGO VELEZ SAFFON ;Juan Pablo Garzón Ruiz;2011;3;pegasus.javeriana.edu.co/~CIS1130SD02;SiDRE;CIS1130SD02;-;No
Swapyme: Guía metodológica para la gestión de proyectos de software en PyMEs del sector de servicios fundamentada en metodologías ágiles;?TATIANA ALEJANDRA OQUENDO GARZON;Angela Paola Ramírez Pinilla;2011;3;pegasus.javeriana.edu.co/~CIS0930IS06;Investigación;CIS0930IS06;-;No
FV-GAIA:Framework para la Visualización de Grafos con Ayuda de Interfaces Aumentables;Rodriguez Bravo,Federico;Jaime Andrés Pavlich Mariscal;2012;1;pegasus.javeriana.edu.co/~CIS1210TK05;TAKINA;CIS1210TK05;-;-
GUÍA METODOLÓGICA PARA LA IMPLEMENTACIÓN DE COBIT 4.1 EN LAS ÁREAS DE TI DE LAS MEDIANAS Y GRANDES EMPRESAS COLOMBIANAS: CASO EXPERIAN COMPUTE;Camacho Segura,Alejandro;Jaime García;2012;1;pegasus.javeriana.edu.co/~CIS1210IS02;ISTAR;CIS1210IS02;-;-
Modelo de gestión de riesgos operacionales para el gobierNo de las tecNologias de información (TI).;Calderon Lancheros,Sandy Johana;Jaime García;2012;1;pegasus.javeriana.edu.co/~CIS1130IS11;ISTAR;CIS1130IS11;-;-
MOTION DRAWING;Mejía Varón, Andrés Felipe;Oscar Javier Chavarro García;2012;1;pegasus.javeriana.edu.co/~CIS1210TK07;TAKINA;CIS1210TK07;-;-
PerSistencia transparente a BDOO (Bases De Datos Orientadas a Objetos) para programadores de objetos.;Perez Rodriguez,Jeisson Fabian;Julio Ernesto Carreño Vargas;2012;1;pegasus.javeriana.edu.co/~CIS1210IS05;ISTAR;CIS1210IS05;-;-
Plan de Negocio para la Creación de una Empresa Desarrolladora de Aplicaciones para DispoSitivos Móviles Apple;Ucros Iriarte,Alvaro Andres;Efraín Ortiz Pabón;2012;1;pegasus.javeriana.edu.co/~CIS1210IS08;Gestión y Sistemas de Información;CIS1210IS08;-;-
Prototipo web para la difuSión y obtención de información de líderes comunitarios. Caso de estudio: Localidad de Usme, en Bogotá.;MoreNo Pacheco,Karem Adriana;Lucy Nohemy Medina Velandia;2012;1;pegasus.javeriana.edu.co/~CIS1130IS05;ISTAR;CIS1130IS05;-;-
Sistema adaptativo para comunidades indígenas SADCOIN;Cabrerizo Roncancio,Alejandro;Ángela Cristina Carrillo Ramos;2012;1;pegasus.javeriana.edu.co/~CIS1210IS01;ISTAR;CIS1210IS01;-;-
Sistematización de la generación de presupuestos para proyectos de obras industriales;Gonzalez Gonzalez,Camilo;César Julio Bustacara Medina;2012;1;pegasus.javeriana.edu.co/~CIS1130IS10;ISTAR;CIS1130IS10;-;-
 CRM Cloud Colombia ;Julian Javier Agudelo Buitrago / Carlos Andrés López Serrato;Juan Pablo Garzón Ruiz;2012;3;pegasus.javeriana.edu.co/~CIS1230Si03;SiDre;CIS1230Si03;-;No
ADEV Apoyo para el Diagnóstico de Enfermedades Vasculares;Nathalia Fernanda Gómez González ;Miller Gómez;2012;3;pegasus.javeriana.edu.co/~CIS1230TK03;Takina;CIS1230TK03;-;No
Analizador estático de código para políticas de control de acceso;Ariel Lopez;Jaime Andrés Pavlich Mariscal;2012;3;pegasus.javeriana.edu.co/~CIS1230IS01;Istar;CIS1230IS01;-;Si
Computación móvil No intruSiva aplicada a la comunicación entre dispoSitivos móviles y domóticos a través de Internet;Daniel Humberto Novoa Valcárcel ;Juan Pablo Garzón Ruiz;2012;3;pegasus.javeriana.edu.co/~CIS1230Si02;SiDre;CIS1230Si02;-;No
DIaFoot - Herramienta para el autocuidado y prevención de Pie Diabético ;Camila Andrea Rojas Pineda;Leonardo Florez Valencia;2012;3;pegasus.javeriana.edu.co/~CIS1230TK04;Takina;CIS1230TK04;-;No
FanJam, red social para buscar e integrar talentos en la industria muSical;Juan Sebastián Ruiz y Juan David Cadena;Jaime Andrés Pavlich Mariscal;2012;3;pegasus.javeriana.edu.co/~CIS1230IS02;Istar;CIS1230IS02;-;No
Generación de Índices de Relevancia para Bases de Datos Relacionales con Contenido de Texto Narrativo;Andrés David Acosta Gaona ;Alexandra Pomares Quimbaya;2012;3;pegasus.javeriana.edu.co/~CIS1230IS011;Istar;CIS1230IS011;-;No
HERRAMIENTA DE SOFTWARE PARA EL APRENDIZAJE DEL BAJO ELÉCTRICO USANDO LA REALIDAD AUMENTADA;Diego Alejandro Ochoa Gutíerrez ;Oscar Javier Chavarro  García  ;2012;3;pegasus.javeriana.edu.co/~CIS1230TK05;Takina;CIS1230TK05;-;No
JaverianAR: Javeriana Augmented Reality ;Carlos Eduardo Castillo Herrera ;Oscar Javier Chavarro  García  ;2012;3;pegasus.javeriana.edu.co/~CIS1230TK06;Takina;CIS1230TK06;-;No
"Mapa de Localización de Predios de origen Ilegal (MALOPI)"" ";Johan Camilo MoreNo Mateus;Javier Francisco López Parra;2012;3;pegasus.javeriana.edu.co/~CIS1230IS04;Istar;CIS1230IS04;-;No
Metodología para la implementación de una herramienta de análiSis de información soportada en OLAP desde los datos recopilados desde un CRM operacional ;Stephanie Herrera Bautista;Fabio Aroca;2012;3;pegasus.javeriana.edu.co/~CIS1230IS09;Istar;CIS1230IS09;-;No
MIsT (Medical Interactive visualization Tool);Nadia Alejandra Mejía Molina;Leonardo Florez Valencia;2012;3;pegasus.javeriana.edu.co/~CIS1230TK02;Takina;CIS1230TK02;-;Si
Process Quality Improvement;http://www.youtube.com/watch?v=d-VYmXEeGRo;Fabio Aroca;2012;3;pegasus.javeriana.edu.co/~CIS1230IS08;Istar;CIS1230IS08;-;No
PROTOTIPO DE SOFTWARE DE UTILIZACIÓN DE REALIDAD AUMENTADA PARA VISUALIZAR MODELOS 3D QUE AYUDEN A PROMOCIONAR O VENDER PRODUCTOS / SERVICIOS DE UNA EMPRESA DE ARQUITECTURA. CASO DE ESTUDIO: NUNBER 3D;Jimenez Casallas,Alfonso;Oscar Javier Chavarro  García  ;2012;3;pegasus.javeriana.edu.co/~CIS1210TK01;Takina;CIS1210TK01;-;No
PROTOTIPO DE SOFTWARE DE UTILIZACIÓN DE REALIDAD AUMENTADA PARA VISUALIZAR MODELOS 3D QUE AYUDEN A PROMOCIONAR O VENDER PRODUCTOS / SERVICIOS DE UNA EMPRESA DE ARQUITECTURA. CASO DE ESTUDIO: NUNBER 3D.;Carvajal Vargas,Mayda Alexandra;Oscar Javier Chavarro  García  ;2012;3;pegasus.javeriana.edu.co/~CIS1210TK01,;Takina;CIS1210TK01,;-;No
SCLOUD: MODELO DEL FLUJO DE PEDIDO DE LA CADENA DE SUMINISTRO PARA PYMES COLOMBIANAS E IMPLEMENTACIÓN PARA LA NUBE ;Camilo Andrés Ruiz Abaunza y Camilo Andrés Méndez Flórez ;Martha Helena Carrillo Ramírez;2012;3;pegasus.javeriana.edu.co/~CIS1230IS10;Istar;CIS1230IS10;-;No
SiPROSOFI: Sistema de Información para la Gestión de Proyectos Sociales construido mediante las tecNologías  JEE 6,  GXT, ERRAI ;María Camila Posada Charum  y Andrés Bustamante;María Consuelo Franky de Toro;2012;3;pegasus.javeriana.edu.co/~CIS1230IS05;Istar;CIS1230IS05;-;No
Sistema de Monitoreo del Estado Vial - SiMEV;Diego Andrés Casas Avellaneda ;Javier Francisco López Parra;2012;3;pegasus.javeriana.edu.co/~CIS1230IS03;Istar;CIS1230IS03;-;Si
Soluciones móviles para el sector restaurantero de Bogotá;Diana Rocio Florián Guzman / Andres Felipe Paez Jaramillo   ;Juan Pablo Garzón Ruiz;2012;3;pegasus.javeriana.edu.co/~CIS1230Si01;SIDre;CIS1230Si01;-;No
ATENEA MODELO TECNoLÓGICO PARA APOYAR LA INTELIGENCIA COMPETITIVA EN LA EMPRESA CODENSA S.A. ESP;BejaraNo, Katerin Lorena  y Rodríguez, Alisson Fabiana ;Julio Ernesto Carreño Vargas ;2013;1;pegasus.javeriana.edu.co/~CIS1310IS09;ISTAR;CIS1310IS09;-;No
CLUBMAT: GESTOR DE CLUBES DE MATEMÁTICAS CONSTRUIDO CON TECNOLOGÍAS JAVA EE 6 Y JAVAFX 2;ANDRÉS EDUARDO SÁNCHEZ MENDIETA;Maria Consuelo Franky de Toro;2013;1;pegasus.javeriana.edu.co/~CIS1310IS11/;SIDre;CIS1310IS11;-;No
CreaDevManager - BBTK Project Manager;Daniel Felipe González Obando;Maciej Orkisz;2013;1;pegasus.javeriana.edu.co/~CIS1230TK01;TAKINA;CIS1230TK01;-;-
Enriquecimiento del Sistema de Egresados de la Facultad de Ingeniería de la Pontificia UniverSidad Javeriana;Correa Cogua, Lina Maria y Castelblanco, Katherin;Alexandra Pomares Quimbaya;2013;1;pegasus.javeriana.edu.co/~CIS1310IS01;ISTAR;CIS1310IS01;-;No
Guía metodológica para la construcción de servicios cooperativos mediados por agentes, Sercoop;Valencia Parada,Daniel Steven;Blanca Elvira Oviedo Torres;2013;1;pegasus.javeriana.edu.co/~CIS1210SD03;SiDRe;CIS1210SD03;-;No
Herramienta de software para el IDEAM, que permita reemplazar parcialmente el actual Sistema, con el fin de obtener información necesaria para crear mapas de precipitación y de aNomalías de precipitación de Colombia de manera más rápida y eficiente ;Oliveros CastellaNos Andres Felipe ;Blanca Elvira Oviedo;2013;1;pegasus.javeriana.edu.co/~CIS1310IS04;ISTAR;CIS1310IS04;-;No
MODELO DE SEGURIDAD PARA MITIGAR LOS PROBLEMAS DERIVADOS DE LAS VULNERABILIDADES EN DISPOSiTIVOS MOVILES ANDROID CON RESPECTO A LOS PRINCIPIOS DE INTEGRIDAD, CONFIDENCIALIDAD Y DISPONIBILIDAD ;Calero Asencios, Raúl ;Juan Pablo Garzón Ruiz;2013;1;pegasus.javeriana.edu.co/~CIS1310SD03;-;CIS1310SD03;-;No
MY SiREASE - Sistema de Recomendación de ASignaturas;García Chacón, Camilo Andrés ;Ángela Cristina Carrillo Ramos;2013;1;pegasus.javeriana.edu.co/~CIS1310IS03;ISTAR;CIS1310IS03;-;No
Plan estratégico para gestión del cambio en empresas colombianas de desarrollo de software que deseen implementar CMMI-Dev;Eliana Catalina Villamizar;Jaime García ;2013;1;pegasus.javeriana.edu.co/~CIS1230NG01;ISTAR;CIS1230NG01;-;No
SERVICIOS DE GENERACIÓN AUTOMÁTICA DE RESÚMENES POR SUSCRIPCIÓN WEB;Santos Vidales, Nestor Andrés;Efraín Ortiz Pabón;2013;1;pegasus.javeriana.edu.co/~CIS1310IS05;ISTAR;CIS1310IS05;-;No
SiMMA - Diseño y desarrollo de un Sistema automatizado de medición de masas.;Ríos Flores, Mariana ;Edgar Enrique González;2013;1;pegasus.javeriana.edu.co/~CIS1310GN01;GnaNo;CIS1310GN01;-;Si
Simulador de la Gestión Integral de ReSiduos Sólidos Domiciliarios;Sanchez Olaya, Stephanie y Rojas, Sebastian ;Oscar Javier Chavarro García;2013;1;pegasus.javeriana.edu.co/~CIS1310TK03;Takina;CIS1310TK03;-;No
Sistema de Información para el ingreso, mantenimiento y salida de estibas;García Rodríguez, Jeyson Andrés  y Lancheros Suescún, Mario Sergio ;María Consuelo Franky de Toro;2013;1;pegasus.javeriana.edu.co/~CIS1310IS12;ISTAR;CIS1310IS12;-;No
SmartGauge: Aplicación móvil de toma de medidas volumétricas de productos de consumo para mejorar los procesos de comercio B2B;Warner White, Daniel ;Juan Pablo Garzón Ruiz;2013;1;pegasus.javeriana.edu.co/~CIS1310SD04;-;CIS1310SD04;-;No
Virtual Reality Laparoscopic Simulator;Quiñones Garcia, Pablo Enrique ;Leonardo Florez Valencia;2013;1;pegasus.javeriana.edu.co/~CIS1310TK02;TAKINA;CIS1310TK02;-;Si
AlCast Sistema de recomendación de aSignaturas;Diego Andrés Gil Castro ;Ángela Cristina Carrillo Ramos;2013;3;pegasus.javeriana.edu.co/~CIS1330IS11;Istar;CIS1330IS11;-;No
Aplicación de Minería de Datos para la Identificación de Patrones de comportamiento en las organizaciones enfocado en Prácticas de ImpreSión;Daniel Augusto SolaNo Oviedo;Alvaro Quintero;2013;3;pegasus.javeriana.edu.co/~CIS1310IS02;-;CIS1310IS02;-;No
CALEAN: Servicios de comunicación en tiempo real entre clientes y comercio;Jonathan Roberto León García;Efraín Ortiz Pabón;2013;3;pegasus.javeriana.edu.co/~CIS1330IS07;Istar;CIS1330IS07;-;No
Capa de integración para OGRE 3D en PS3;Darwin Rodríguez Correa;Leonardo Florez Valencia;2013;3;pegasus.javeriana.edu.co/~CIS1330TK02;Takina;CIS1330TK02;-;No
CLUBMAT 1.1: ExtenSión de una aplicación destinada al fortalecimiento de clubes escolares matemáticos;Julián Camilo Ortega Muñoz;Maria Consuelo Franky de Toro;2013;3;pegasus.javeriana.edu.co/~CIS1330IS04;Istar;CIS1330IS04;-;Si
Control: Administrador de finanzas personales;Daniel Gomez Didier;Juan Pablo Garzón Ruiz;2013;3;pegasus.javeriana.edu.co/~CIS1330IS05;Istar;CIS1330IS05;-;No
CUDAlicious: Filtrado de imágenes médicas mediante GPU's Nvidia;Daniel David Cárdenas Velasco ;Leonardo Florez Valencia;2013;3;pegasus.javeriana.edu.co/~CIS1330TK03;Takina;CIS1330TK03;-;No
Estrategia de Comercio Móvil integrando Técnicas de Recompensas y Servicios Basados en Localización;Alejandro Ardila Schickler;Javier Francisco López Parra;2013;3;pegasus.javeriana.edu.co/~CIS1330IS02;Istar;CIS1330IS02;-;No
ExtenSión del Sistema SCLUD para manejar en la nube el flujo de pedido de la cadena de suministro de pymes;Pablo Sebastian Paez Mateus y Andrés Felipe Pedraza Infante;Martha Helena Carrillo Ramirez;2013;3;pegasus.javeriana.edu.co/~CIS1330IS03;Istar;CIS1330IS03;-;No
Gamificación de encuestas de satisfacción para los Servicios de Alimentación de la Pontificia UniverSidad Javeriana;Alejandro Pérez García;Juan Pablo Garzón Ruiz;2013;3;pegasus.javeriana.edu.co/~CIS1330NG03;-;CIS1330NG03;-;No
Guía metodológica para la administración de la seguridad fíSica en las PYMES;Felipe Bayona Borrero;Joshsua González Díaz;2013;3;pegasus.javeriana.edu.co/~CIS1310SD02;SiDRE;CIS1310SD02;-;No
Guía para la adquiSición de herramientas de Software.  Apoyo a la emiSión de conceptos técnicos enfocados a personas con discapacidad;Edwin Camilo Penagos Castillo;Hilda Cristina Chaparro López;2013;3;pegasus.javeriana.edu.co/~CIS1330NG02;-;CIS1330NG02;-;No
iZafiro: Software modo Video-Juego de apoyo al aprendizaje en Números Fraccionarios en niños de 9 a 10 años mediante la Simulación Dramatizada.;Jhonathan Afranio Córdoba Castañeda;José Hernando Hurtado Rojas;2013;3;pegasus.javeriana.edu.co/~CIS1310IS08;Istar;CIS1310IS08;-;Si
Logodáctica: Software de ayuda didáctica para grupos de niños sordos de 5 a 10 años, basado en logodactica. ;Héctor Andrés Mantilla Barbosa;Olga Lucia Sarmiento Aguilera;2013;3;pegasus.javeriana.edu.co/~CIS1330IS01;Istar;CIS1330IS01;-;No
Miner PC Adviser: software asesor en la compra de computadores;Antonio Andrés Jiménez Navas/Simón Santiago SoriaNo Pérez;Alexandra Pomares Quimbaya ;2013;3;pegasus.javeriana.edu.co/~CIS1330IS13;Istar;CIS1330IS13;-;No
My Sirease II: Sistema Adaptativo de apoyo al proceso de inscripción de aSignaturas;Vanessa Sánchez Artunduaga;Ángela Cristina Carrillo Ramos;2013;3;pegasus.javeriana.edu.co/~CIS1330IS09;Istar;CIS1330IS09;-;No
Seguimiento y realidad aumentada con un dron teleoperado;Mauricio Armando González Rodríguez;Pedro Fabián Cárdenas Herrera;2013;3;pegasus.javeriana.edu.co/~CIS1330NG01;-;CIS1330NG01;-;No
SiGS: Sistema Integral para la Gestión de Servicios de consultoría en la empresa A.C.T. Consultores Ltda. de Bogotá;Yenny Natalia Salamanca Torres;Olimary Gómez Coronell;2013;3;pegasus.javeriana.edu.co/~CIS1310IS13;Istar;CIS1310IS13;-;No
SiMAPRE - Sistema de Mantenimiento Preventivo Vehicular;Nicolás Duarte Trujillo;Efraín Ortiz Pabón;2013;3;pegasus.javeriana.edu.co/~CIS1310SD01;Istar;CIS1310SD01;-;No
Sistema de Información para la Gestión Integral de ReSiduos Sólidos;Carlos Eduardo Gomez Lopez;Juan Pablo Garzón Ruiz;2013;3;pegasus.javeriana.edu.co/~CIS1310SD05;-;CIS1310SD05;-;No
Video juego para promoción turística del parque nacional Tayrona.;Ariel Camilo Abreo Ariza;Oscar Javier Chavarro García;2013;3;pegasus.javeriana.edu.co/~CIS1330TK01;Takina;CIS1330TK01;-;No
Aplicación de técnicas de minería de datos para búsqueda de relaciones entre variables que responden a series de tiempo, caso de estudio contaminación atmosférica localidad de Puente Aranda;Alex Ariel Arias Rios;Blanca Elvira Oviedo Torres;2014;1;pegasus.javeriana.edu.co/~CIS1410IS02;Istar;CIS1410IS02;-;Si
Arquitectura Orientada a Recursos para aplicaciones hipermediales en contextos e-learning;Angélica María Vergara Granados;Julio Ernesto Carreño Vargas;2014;1;pegasus.javeriana.edu.co/~CIS1410IS05;Istar;CIS1410IS05;-;No
Automatización del Desarrollo de Aplicaciones Web mediante el enfoque MDA-MDE?.;Mario Alonso Mateus Gómez / Ferney Santos Aguillon Martínez;María Consuelo Franky de Toro;2014;1;pegasus.javeriana.edu.co/~CIS1410IS06;Istar;CIS1410IS06;-;No
CódigosPrepago, una alternativa rápida, confidencial y segura para comprar contenido multimedia en Internet.;Camilo Baquero Jiménez / Andrés Camilo Martínez Pérez;Vladimir Guzmán Páez;2014;1;pegasus.javeriana.edu.co/~CIS1410IS10;SiDRE;CIS1410IS10;-;No
Dresser: Aplicación Web Personalizada para Consultar y Compartir Información en el Contexto de la Industria de la Moda;Stephanie buitrago herrera;Ángela Cristina Carrillo Ramos;2014;1;pegasus.javeriana.edu.co/~CIS1330IS10;Istar;CIS1330IS10;-;No
Guía para la Integración de Métodos Formales de Ingeniería de Requerimientos en Procesos de Desarrollo Ágil;Juan Darío Murcia Torres;Miguel Eduardo Torres MoreNo;2014;1;pegasus.javeriana.edu.co/~CIS1410IS07;Istar;CIS1410IS07;-;-
Herramienta para la administración de requerimientos de los proyectos de las aSignaturas de ingeniería y arquitectura de software de la Pontificia ;Carlos David Duarte Alfonso;Miguel Eduardo Torres MoreNo;2014;1;pegasus.javeriana.edu.co/~CIS1410IS08;Istar;CIS1410IS08;-;No
KONSEY 2.0: Sistema de Consejeria;Luis Fernando Morales Alzate;Ángela Cristina Carillo Ramos;2014;1;pegasus.javeriana.edu.co/~CIS1410IS01;Istar;CIS1410IS01;-;No
Modelo para la Motivación del Aprendizaje de la Programación utilizando Gamification.;Ricardo José Arenas París;Fabio Antonio Avellaneda Pachón;2014;1;pegasus.javeriana.edu.co/~CIS1410IS11;-;CIS1410IS11;-;Si
Peeper: Implementación del cambio de metodología para la actualización de datos en los reportes de esfuerzo, usados como métrica de productividad, progreso y costo de los proyectos, de la compañía de desarrollo de software PSL;Oscar Iván López Pulido;Juan Pablo Garzón Ruiz;2014;1;pegasus.javeriana.edu.co/~CIS1010SD05;SiDRE;CIS1010SD05;-;No
Reservatio: Empresa de desarrollo de soluciones móviles para reservas.;Iván Felipe García Sanchez/ Diego Sebastián Barrera Guevara;Vladimir Guzmán Páez;2014;1;pegasus.javeriana.edu.co/~CIS1410IS09;Istar;CIS1410IS09;-;Si
Sistema generador de rutas en mapas para personas con discapacidad motriz en los miembros inferiores;Oscar Gomez Herrera;Javier Francisco López Parra;2014;1;pegasus.javeriana.edu.co/~CIS1410IS12;-;CIS1410IS12;-;No
Aplicación Móvil Para La Transferencia Y Aprobación De Tiquetes De Servicio Por Medio De TecNologías NFC;Velandia Colmenares Eric y Vivas Ospina Jhoan Sebastian;Efraín Ortiz Pabón;2014;3;pegasus.javeriana.edu.co/~CIS1430NG01;-;CIS1430NG01;Aplicación;No
Apoyo a la agricultura de preciSión en Colombia a partir de imágenes adquiridas desde vehículos aéreos No tripulados (UAV’s);Fajardo Junco Juan Camilo;Javier Francisco López Parra;2014;3;pegasus.javeriana.edu.co/~CIS1430IS05;ISTAR;CIS1430IS05;Aplicación;No
Guía metodologica para la gestión de proyectos de software basada en metodologías ágiles que integre las herramientas de seguimiento de actividades, integración continúa y repoSitorio distribuido de verSiones.; Diana Milena Blanco MoreNo y Monica Fernanda Cortes Querales ;Maria Consuelo Franky de Toro;2014;3;pegasus.javeriana.edu.co/~CIS1430IS03;ISTAR;CIS1430IS03;Investigación;No
MAGIS: SiSTEMA DE ORIENTACION VOCACIONAL BASADO EN CARACTERISTICAS DEL INDIVIDUO ASi COMO DE SU CONTEXTO.;Juan Camilo González Vargas  y Parra Laguna Javier Leonardo;Ángela Cristina Carrillo Ramos;2014;3;pegasus.javeriana.edu.co/~CIS1430IS07;ISTAR;CIS1430IS07;Investigación;No
MV LIFE Gym Mobile: Aplicación Móvil Personalizada para Usuarios de GimnaSio;Víctor Hugo Vela Pinzón ;Luisa Fernanda Barrrera León;2014;3;pegasus.javeriana.edu.co/~CIS1430IS11;ISTAR;CIS1430IS11;Aplicación;Si
PLATYCO - Planeador de torneos y competencias;Daniel  Vásquez Acero ;Luis Guillermo Torres Ribero;2014;3;pegasus.javeriana.edu.co/~CIS1430IS09;ISTAR;CIS1430IS09;Aplicación;No
Reprocesos GMO: Una automatización de los procesos de devolución, en búsqueda de aumentar la eficiencia de la empresa;Alexandra Ardila Sarmiento  ;Andres Gómez;2014;3;pegasus.javeriana.edu.co/~CIS1430IS01;ISTAR;CIS1430IS01;Aplicación;No
Sistema de guía pSicoeducativa y de manejo neurocomportamental  para madres,  padres de familia y cuidadores de niños con déficit atencional.   ;Jorge Hernán Rivera Gómez ;Jaime Andrés Pavlich Mariscal;2014;3;pegasus.javeriana.edu.co/~CIS1410IS03;ISTAR;CIS1410IS03;Aplicación;No
Sistematizacion y optimizacion de tiempos en la toma de lecturas de medidores de agua;Julian David Salas Callejas  y Felipe Bernal Nisperuza ;Luis Guillermo Torres Ribero;2014;3;pegasus.javeriana.edu.co/~CIS1430SD04;SiDRE;CIS1430SD04;Aplicación;No
Transformar el Sistema que soporta el modelo de negocio para flujos de pedidos en pymes (SCLOUD) para optimizar sus funcionalidades y añadir el soporte para el  manejo de varios clientes (pymes) en una sola ;Carlos Francisco Corzo Castañeda ;Maria Consuelo Franky de Toro;2014;3;pegasus.javeriana.edu.co/~CIS1430IS04;ISTAR;CIS1430IS04;Aplicación;No
UAVMETRIA: Sistema de Información para la generación de Mosaicos geo-referenciados con UAVs;Kevin Lauritzen Vasquez Largo ;Javier Francisco López Parra;2014;3;pegasus.javeriana.edu.co/~CIS1430IS10;ISTAR;CIS1430IS10;Aplicación;No
Uso de TeléfoNos Inteligentes para Ayudar a Personas con Discapacidad Visual a Localizarse dentro de un Espacio Cerrado;Andrea Patricia Ortiz Pulido y Jonnathan Silvestre Corredor Merchán ;Edgar Enrique Ruiz García;2014;3;pegasus.javeriana.edu.co/~CIS1430SD03;SiDRE;CIS1430SD03;Investigación;Si
Booze-App;Juan Pablo Pérez Rebolledo y Nicolás Segura Barrera ;Vladimir Guzman;2015;1;pegasus.javeriana.edu.co/~CIS1510EM02;ISTAR;CIS1510EM02;Emprendimiento;Si
Cubilletes: Sistema adaptativo de apoyo al aprendizaje experiencial de uso de dinero orientado a niños con Sindrome de Down;Alejandra Cubillos Carvajal;Angela Carrillo;2015;1;pegasus.javeriana.edu.co/~CIS1510IN01;ISTAR;CIS1510IN01;Investigación;No
Epocdiag: Aplicación móvil para soportar el diagnóstico y el desarrollo del plan de tratamiento de la enfermedad pulmonar obstructiva crónica (EPOC);Carlos Andres Montenegro Molina ;JHON CAMACHO SANCHEZ;2015;1;pegasus.javeriana.edu.co/~CIS1510AP06;-;CIS1510AP06;Aplicación;Si
Georreferenciacion y generacion modelos de elevacion digital a partir de imagenes obtenidas desde vehiculos aereos No tripulados (UAVs);Erick Julian Coral Crespo ;Ing. Javier Francisco Parra Lopez;2015;1;pegasus.javeriana.edu.co/~CIS1510AP03;ISTAR;CIS1510AP03;Aplicación;Si
Herramienta para el cumplimiento de políticas de Si;Juan José Acosta Franklin;Diego Rincon;2015;1;pegasus.javeriana.edu.co/~CIS1430SD01;SiDRe;CIS1430SD01;Aplicación;No
JoinUsEvent;Gabriel Santiago Montero Mariño ;Efraín Ortiz Pabon;2015;1;pegasus.javeriana.edu.co/~CIS1510EM01;ISTAR;CIS1510EM01;Emprendimiento;No
Prototipo FoxWay: Sistema Geográfico de Información del Tráfico;Sergio David Zorro Sánchez ;Javier López;2015;1;pegasus.javeriana.edu.co/~CIS1410IS04;ISTAR;CIS1410IS04;Aplicación;No
RoboAct: Control de acciones para un actor robótico;Luz Evelyn Fernandez Loboguerrero ;Andres Armando de la Peña;2015;1;pegasus.javeriana.edu.co/~CIS1510IN02;TAKINA;CIS1510IN02;Investigación;No
SEGUIMIENTO DE PUNTOS EN IMÁGENES DIAGNÓSTICAS;Jorge Leonardo Hernández Fajardo;Cesar Julio Bustacara Medina;2015;1;pegasus.javeriana.edu.co/~CIS1330IS05;TAKINA;CIS1330IS05;Investigación;No
Sistema de apoyo para identificación y estimación de volumetría de nódulos pulmonares;José Alejandro León Andrade ;Andrea del Pilar Rueda;2015;1;pegasus.javeriana.edu.co/~CIS1510AP04;TAKINA;CIS1510AP04;Aplicación;Si
V2SOFT: GUÍA METODOLÓGICA PARA EL PROCESO DE VALIDACIÓN Y VERIFICACIÓN DE REQUERIMIENTOS PARA EL USUARIO FINAL; María Ximena Narváez Barrera;Miguel E Torres;2015;1;pegasus.javeriana.edu.co/~CIS1430IS08;ISTAR;CIS1430IS08;Guía Metodológica;No
Way Pulling;Alicia Beltran ;Luis Guillermo Torres;2015;1;pegasus.javeriana.edu.co/~CIS1430IS02;ISTAR;CIS1430IS02;Aplicación;Si
ZOOMTI: Framework para visualizar modelos de software mediante Zoomable User Interfaces y tecNología Multi-Touch.;Eduardo Montenegro León y Daniel Rico Hernandez ;Ing. Jaime Pavlich.;2015;1;pegasus.javeriana.edu.co/~CIS1510AP01;ISTAR;CIS1510AP01;Aplicación;Si
Cero Fila;Javier Ayala Angel;Efrain Ortiz Pabon;2015;3;pegasus.javeriana.edu.co/~CIS1510EM03;-;CIS1510EM03;Emprendimiento;No
Prototipo de un Sistema de Información para la administración de Asociados, y Aportes de la Cooperativa “Coocredimar”.;Oscar Javier Rey Caro ;Maria Consuelo Franky;2015;3;pegasus.javeriana.edu.co/~CIS1530AP01;-;CIS1530AP01;Aplicación;No
Personalización de servicios alimentarios en un campus universitario;Laura Daniela Chacón Hernández, Laura Vanessa López Castrillón y Laura Tatiana Gómez Reina;Angela Cristina Carrillo Ramos;2015;3;pegasus.javeriana.edu.co/~CIS1530AP02;-;CIS1530AP02;Aplicación;No
Sistema para apoyar el aprendizaje de la Programación utilizando Gamification;Daniel Felipe Arias Ramirez y Daniel Serrano Reyes;Fabio Antonio Avellaneda Pachon;2015;3;pegasus.javeriana.edu.co/~CIS1530AP03;-;CIS1530AP03;Aplicación;No
Arquitectura para observatorio nacional de oferta y disponibilidad de productos farmacéuticos; Renzo David Rojas Silva ;;2015;3;pegasus.javeriana.edu.co/~CIS1510AP06;-;CIS1530AP04;Aplicación;No
ParkApp: Aplicación móvil para encontrar parqueaderos disponibles de forma adaptativa y en tiempo real.; Luis Carlos Chicaiza Rojas y Santiago Lizarazu Medina ;;2015;3;pegasus.javeriana.edu.co/~CIS1510AP07;-;CIS1530AP05;Aplicación;No
Herramienta de modelado pulmonar;Rodolfo Verjel Alonso ;;2015;3;pegasus.javeriana.edu.co/~CIS1510AP08;-;CIS1530AP06;Aplicación;No
Sistema de Información, Inventarios, Farmacia, Hospital, Logistica, Medicamentos, Software, Cadena de Abastecimiento farmaceutica;Jorge Luis Ruge Leiva y Camilo Andres Sierra Niño;;2015;3;pegasus.javeriana.edu.co/~CIS1510AP09;-;CIS1530AP07;Aplicación;No
Prediction and Visualization of Physiological Signals in Incremental Exercise Testing;Andrea Carolina Rosales Africano;;2015;3;pegasus.javeriana.edu.co/~CIS1510AP10;-;CIS1530AP08;Aplicación;No
SIAMP - Sistema de Información para Agencias de Medicina Prepagada;Luis Francisco Rojas Polanco ;;2015;3;pegasus.javeriana.edu.co/~CIS1510AP12;-;CIS1510AP02;Aplicación;No
Know & Share;Yois Katherine Espíndola Buitrago ;;2015;3;pegasus.javeriana.edu.co/~CIS1510AP13;-;CIS1530IN01;Investigación;No
SRAP;Jeffrey Nicolás Hooker Corredor y Esneyder Julian Sanchez Mendez;;2015;3;pegasus.javeriana.edu.co/~CIS1510AP14;-;CIS1530IN02;Investigación;No
Grid Accesible;Roberto Rafael García Escallón ;;2015;3;pegasus.javeriana.edu.co/~CIS1510AP15;-;CIS1530IN03;Investigación;No
